{"cameraMode":{"drawMode":0,"name":"Shaded","section":"Shading Mode"},"sceneLighting":true,"audioPlay":false,"sceneViewState":{"m_AlwaysRefresh":false,"showFog":true,"showSkybox":true,"showFlares":true,"showImageEffects":true,"showParticleSystems":true,"showVisualEffectGraphs":true,"m_FxEnabled":true},"in2DMode":false,"pivot":{"x":-8.72994613647461,"y":0.4631073474884033,"z":7.7115092277526859},"rotation":{"x":0.06574010848999024,"y":-0.9236067533493042,"z":0.32972845435142519,"w":0.18414562940597535},"size":3.8459274768829347,"orthographic":false}